<?xml version="1.0" encoding="UTF-8" standalone="yes"?>
<addon id="repository.quehtpc" name="QueHTPC" version="1.0" provider-name="Que">
    <extension point="xbmc.addon.repository" name="QueHTPC1">
        <dir>
            <info compressed="false">https://raw.githubusercontent.com/shafique2511/quehtpc/master/zips/addons.xml</info>
            <checksum>https://raw.githubusercontent.com/shafique2511/quehtpc/master/zips/addons.xml.md5</checksum>
            <datadir zip="true">https://raw.githubusercontent.com/shafique2511/quehtpc/master/zips/</datadir>
        </dir>
    </extension>
    <extension point="xbmc.addon.metadata">
        <summary>QueHTPC2</summary>
        <description>Que HTPC Repository</description>
        <disclaimer></disclaimer>
        <platform>all</platform>
        <assets>
            <icon>icon.png</icon>
            <fanart>fanart.jpg</fanart>
        </assets>
    </extension>
</addon>